{
  "Routes": [
    {
      "DownstreamPathTemplate": "/GetUserDetails",
      "DownstreamScheme": "http",
      "DownstreamHostAndPorts": [
        {
          "Host": "localhost",
          "Port": 5233
        }
      ],
      "UpstreamPathTemplate": "/UserDetails",
      "UpstreamHttpMethod": [ "GET" ]
    },
    {
      "DownstreamPathTemplate": "/GetProductList",
      "DownstreamScheme": "http",
      "DownstreamHostAndPorts": [
        {
          "Host": "localhost",
          "Port": 5219
        }
      ],
      "UpstreamPathTemplate": "/ProductDetails",
      "UpstreamHttpMethod": [ "GET" ]
    }
  ]
}
